{
	"LOAD_SVELTE_FROM_VITE": "off",
	"ENABLE_DEBUG_LOG": "off",
	"ENABLE_ACTIVITY_LOG": "on",
	"ENABLE_SERVER_TIMING": "off",
	"REMOVE_WP_DEFAULT_CSS": "on",
	"ENABLE_WAF_COMPATIBILITY_WORKAROUND": "on",
	"UNSAVED_CHANGES_WARNING": "on",
	"USE_CUSTOM_BLOCKS_CONVERSION": "on",
	"ENABLE_BLOCK_COPY_PASTE_JSON_TO_CUSTOM_FIELD_SAVE": "off",
	"RETURN_ACF_DYNAMIC_DATA": "off",
	"HIDE_TITLE_IN_BLOCK_EDITOR": "on",
	"REMOVE_DEPRECATED_ETCH_UI_STATE": "off",
	"ENABLE_WAF_BLOCK_REQUEST_WORKAROUND" : "off"
}
